lag_ms,acf
0,1
1,0.030326533
2,0.018393972
3,0.011156508
4,0.006766764
5,0.00410425
6,0.002489353
7,0.001509869
8,0.000915782
9,0.00055545
10,0.000336897
11,0
12,0
13,0
14,0
15,0
16,0
17,0
18,0
19,0
20,0
21,0
22,0
23,0
24,0
25,0
26,0
27,0
28,0
29,0
30,0
31,0
32,0
33,0
34,0
35,0
36,0
37,0
38,0
39,0
40,0
41,0
42,0
43,0
44,0
45,0
46,0
47,0
48,0
49,0
50,0
