test,D,p_value,n
KS ISI vs Exp(λ_MLE),0.06370695569823914,0.6670046069054469,130
"KS PW vs Uniform[min,max]",0.07800723182000813,0.4027012397752886,131
