P_load_avg_mW,P_CCS_avg_mW,P_total_avg_mW,duty_estimate_percent
0.01207607249776783,0.02015829077244547,0.0322343632702133,0.0268
