scenario,mean_jitter_ms,std_jitter_ms,p95_jitter_ms,p99_jitter_ms,max_jitter_ms,miss_rate_5ms
Baseline loop,0.4511071881161309,2.9831849824139405,4.941738355176791,11.831032773478752,13.755831468675149,0.05
Timer ISR,0.025929806883902513,0.2835941731780684,0.33585002432980104,0.5303924825470618,2.2742971633815556,0.0
