lambda_mle_Hz,isi_mean_s,isi_std_s,pw_min_us,pw_max_us,pw_mean_us,pw_std_us,duration_s,num_events
2.2242000984058934,0.44959983623627664,0.431429261222726,50,1000,532.8625954198474,296.7227082481809,59.650083012698964,131
