seed,n_events,lambda_mle_Hz,KS_ISI_D,KS_ISI_p,KS_PW_D,KS_PW_p
1001,72,2.41172195034641,0.05087719598222373,0.9928944708631826,0.12137426900584802,0.2393225034812842
1002,62,2.160014887136258,0.07197336478262595,0.9101197878384517,0.13901528013582343,0.18196540089503113
1003,44,1.5029037718590978,0.10780494679082209,0.699679432252894,0.13205741626794254,0.4267499285422366
1004,55,1.8644428242177389,0.08744535008464926,0.8033934109941081,0.11885167464114832,0.4188780735254884
1005,61,2.0023462480087066,0.09111946825336276,0.7015454241087065,0.06771354616048317,0.9424410458298
