fs_Hz,N_bins,dominant_freq_Hz,max_to_mean_power_ratio
1000.0,59651,268.8638916363514,8.834077981217778
